id,prediction
EX-0007,"{
""도시 공원 관리의 장점은 효율적인 공원 운영과 이용객 만족도 향상에 도움이 되고, 과제는 공원 이용객과 주민들에 대한 참여를 유도하고 공원 활용도를 높이는 데 필요."":
""1. 효율적인 공원 운영 2. 이용객 만족도 향상 3. 공원 이용객과 주민들에 대한 참여 유도 4. 공원 활용도 높임""
}"
EX-0001,"{
  ""title"": ""도시 공원 관리의 장점과 과제"",
  ""tags"": [""도시 공원"", ""관리"", ""장점"", ""과제""]
}"
EX-0025,"{
""도시 공원 관리의 장점은 효율적인 이용과 환경 보호를 통한 공원 활용 증가, 그리고 이용자 참여를 통해 공원 관리 개선의 기회를 제공합니다. 과제는 공원 관리 체계 개선과 이용자 참여 증가를 위한 정책 개발이 필요합니다."":1
}"
EX-0017,"{""translate"": ""형성평가 및 학습동기""}"
EX-0023,"{
""title"": ""형성평가의 학습 동기 강화"",
""tags"": [
1, 2, 3
]
}"
EX-0035,"{""translated_sentence"": ""형성평가와 학습동기""}"
EX-0051,"{""차이"": ""클라우드는 중앙 서버에 모든 작업을 처리하고 사용자는 네트워크를 통해 접근하고, 엣지 컴퓨팅은 데이터 처리를 네트워크 근처에 위치하여 처리합니다.""}"
EX-0021,"{
  ""title"": ""클라우드와 엣지 컴퓨팅의 차이"",
  ""tags"": [
    ""클라우드"",
    ""엣지 컴퓨팅"",
    ""차이""
  ]
}"
EX-0060,"{ ""Herd immunity effects of vaccination"": ""백신 접종의 소집단면역 효과"" }"
EX-0046,"{
  "" - Exponential growth over time.\n"":"",   ""
  }"
EX-0010,"{
  ""- Interest compounds over time, leading to exponential growth."": 
  ""- Small initial investments can yield significant returns due to compounding."" 
  
  
  
  
  
  
  
  
  
  
}"
EX-0034,"{ ""The long-term investment effect of bowel interest."": ""The long-term investment effect of bowel interest."" }"
EX-0054,"{ ""The impact of public transport fare increases on society."": ""The impact of public transport fare increases on society."" }"
EX-0036,"{ ""The impact of public transport fare increases on society."": ""The impact of public transport fare increases on society."" }"
EX-0018,"{ ""The social impact of public transport fare increases."": ""The social impact of public transport fare increases."" }"
EX-0058,"{
  ""title"": ""Long-term impact of compound interest"",
  ""tags"": [
    ""finance"",
    ""investing"",
    ""mathematics""
  ]
}"
EX-0022,"{
 ""title"": ""Long-term impact of compound interest"",
 ""tags"": [
  ""finance"",
  ""investing"",
  ""mathematics""
 ]
}"
EX-0040,"{
 ""title"": ""Long-term impact of compound interest"",
 ""tags"": [
  ""Finance"",
  ""Investing"",
  ""Mathematics""
 ]
}"
EX-0056,"{
 ""title"": ""Herd Immunity Effects of Vaccination"",
 ""tags"": [
  ""Vaccination"",
  ""Herd Immunity"",
  ""Epidemics""
 ]
}"
EX-0038,"{
 ""title"": ""Herd Immunity Effects of Vaccination"",
 ""tags"": [
  1,
  2,
  3,
  4
 ]
}"
EX-0002,"{
 ""title"": ""Herd Immunity Effects of Vaccination"",
 ""tags"": [
  1,
  2,
  3,
  4
 ]
}"
EX-0042,"{
 ""title"": ""Social Impact of Public Transit Fare Increases"",
 ""tags"": [
  1,
  2,
  3
 ]
}"
EX-0024,"{
 ""title"": ""Social Impact of Public Transit Fare Increases"",
 ""tags"": [1, 2, 3, 4]
}"
EX-0006,"{
 ""title"": ""Social Impact of Public Transit Fare Increases"",
 ""tags"": [
  1,
  2,
  3,
  4
 ]
}"
EX-0043,"{
""도시 공원 관리의 장점은 공원 이용객의 만족도 향상과 환경 보호, 그리고 도시 이미지 개선을 포함하여 다양합니다. 과제는 공원 관리 체계 개선과 인사 관리, 그리고 예산 관리 등에 초점을 맞출 수 있습니다."":
""장점: 만족도 향상, 환경 보호, 이미지 개선. 과제: 관리 체계 개선, 인사 관리, 예산 관리.""
}"
EX-0019,"{
  ""title"": ""도시 공원 관리의 장점과 과제"",
  ""tags"": [
    ""도시 공원"",
    ""관리"",
    ""장점"",
    ""과제""
  ]
}"
EX-0029,"{
  ""핵심"": [
    ""학습 목표 설정 및 확인"",
    ""피드백 활용 및 개선 계획 수립"",
    ""자발적 학습 유도""
  ]
}"
EX-0059,"{
""title"": ""형성평가의 학습 동기 강화"",
""tags"": [""교육"", ""학습동기"", ""형성평가""]
}"
EX-0045,{}
EX-0033,"{
""클라우드는 데이터 및 응용 프로그램을 제공하는 중앙 서버에 의존하고, 엣지 컴퓨팅은 데이터 처리를 디스케티화하여 네트워크 가장자리에서 수행합니다."":1
}"
EX-0013,"{""요약"": ""도시 공원 관리는 효율적인 공원 운영을 위해 공원 이용객 만족도 향상, 생태 보호 및 환경 개선에 도움이 되는 등의 장점과, 이용객 관리, 예산 관리 및 인프라 구축 등의 과제를 포함합니다.""}"
EX-0049,"{""다음 주제를 한 문장으로 요약한 결과"": ""도시 공원 관리는 공원 이용객의 만족도 향상과 생태계 보호를 포함하여 다양한 장점과 과제를 제공합니다.""}"
EX-0031,"{
 ""다음 주제를 한 문장으로 요약한 결과: 도시 공원 관리는 효율적인 공원 운영과 이용자 만족도 향상에 도움이 되고, 동시에 도시 환경 개선과 주민 건강 개선의 기회를 제공합니다."":1
}"
EX-0011,"{
  ""핵심"": [
    ""형성평가를 통해 학습 목표 달성도 확인하고 학습 동기를 유지합니다."",
    ""정확하고 신뢰할 수 있는 형성평가 결과는 학습 과정 개선에 활용됩니다."",
    ""학생과 교수가 형성평가 결과를 통해 학습 과정을 공유하고 개선합니다.""
  ]
}"
EX-0047,"{
  ""핵심"": [
    ""학생의 참여 증가를 위한 다양한 유인 설정"",
    ""학습 목표 설정 및 평가 결과 활용"",
    ""피드백 루프 개선 및 학생 참여 고려""
  ]
}"
EX-0003,"{
 ""title"": ""클라우드와 엣지 컴퓨팅의 차이"",
 ""tags"": [
  ""클라우드 컴퓨팅"",
  ""엣지 컴퓨팅"",
  ""차이""
 ]
}"
EX-0015,"{
""클라우드는 중앙 서버에서 서비스를 제공하고, 엣지 컴퓨팅은 데이터 처리를 네트워크 가장자리에 분산합니다."":1
}"
EX-0027,"{""answer"": ""클라우드는 중앙 서버에서 모든 작업을 처리하고 사용자 인터페이스를 제공하는 반면, 엣지 컴퓨팅은 데이터 처리를 네트워크 가장자리에서 처리합니다.""}"
EX-0020,"{
 ""title"": ""Herd Immunity Effects of Vaccination"",
 ""tags"": [
  1, 2, 3, 4, 5
 ]
}"
EX-0032,"{
""Herd immunity protects susceptible individuals by reducing the transmission of contagious diseases among vaccinated populations."":1
}"
EX-0014,"{
""Herd immunity protects vulnerable individuals by reducing disease transmission among vaccinated populations."":
{
}
}"
EX-0004,"{
 ""title"": ""Long-term impact of compound interest"",
 ""tags"": [
  1,
  2,
  3
 ]
}"
EX-0026,"{ 
  ""Herd immunity effectively reduces the probability of disease outbreaks by immunizing vulnerable individuals through widespread vaccination."": 1
}"
EX-0008,"{ 
  ""Herd immunity protects vulnerable individuals through widespread vaccination, preventing disease spread and outbreaks."": 
  ""Vaccination promotes collective protection by reducing disease transmission.""
}"
EX-0050,"{
""Herd immunity protects individuals who are unable to receive vaccinations due to medical reasons by reducing the transmission of contagious diseases."":1
}"
EX-0044,"{ 
  ""Herd immunity protects vulnerable individuals by reducing the overall transmission of contagious diseases."": 
  {
    ""Herd immunity"": 
    {
      ""protective effect"": 
      {
        ""reducing transmission"": 
        {
          ""vulnerable individuals"": 
          {
            ""remaining safe"": 
            {
              ""disease control"": 
              {
                ""population immunity"": 
                {
                  ""health benefit"": 
                  {
                    ""overall transmission"": 
                    {
                      ""contagious diseases"": 
                      {
                        ""reduction"": ""...""
                      }
                    }
                  }
                }
              }
            }
          }
        }
      }
    }
  }
}"
EX-0030,"{
  ""- Increased fares can reduce ridership, potentially impacting vulnerable populations."":
  ""- Fare increases can generate additional revenue to improve service quality or expand coverage.""
  
  }"
EX-0012,"{
  ""- Increased fares can reduce ridership, impacting vulnerable populations."":
  ""- Fare increases can generate revenue for infrastructure improvements and service expansions.""
  
  
  }"
EX-0048,"{
  ""3 key points on the social impact of public transit fare increases"": [
    ""Increased fares can disproportionately impact low-income communities."",
    ""Reduced ridership can exacerbate existing social disparities."",
    ""Fare hikes can lead to increased dependence on private vehicles, contributing to environmental and congestion issues.""
  ]
}"
EX-0028,"{
  ""key_points"": [
    -1.0083945353389339,
    -1.004805407403993,
    -1.0024301888681174
  ]
}"
